<?xml version="1.0" encoding="UTF-8"?>
<project-private xmlns="http://www.netbeans.org/ns/project-private/1">
    <editor-bookmarks xmlns="http://www.netbeans.org/ns/editor-bookmarks/2" lastBookmarkId="0"/>
    <open-files xmlns="http://www.netbeans.org/ns/projectui-open-files/2">
        <group>
            <file>file:/C:/xampp/htdocs/ProjetNNT/pages.css</file>
            <file>file:/C:/xampp/htdocs/ProjetNNT/perso.html</file>
            <file>file:/C:/xampp/htdocs/ProjetNNT/questionnaire.html</file>
            <file>file:/C:/xampp/htdocs/ProjetNNT/lieux.html</file>
            <file>file:/C:/xampp/htdocs/ProjetNNT/index.html</file>
            <file>file:/C:/xampp/htdocs/ProjetNNT/quizz.php</file>
            <file>file:/C:/xampp/htdocs/ProjetNNT/scripts.js</file>
        </group>
    </open-files>
</project-private>
